accuracy,loss,val_accuracy,val_loss
0.36289912462234497,1.111669659614563,0.37291666865348816,1.0925822257995605
0.36714503169059753,1.0934218168258667,0.37291666865348816,1.0926473140716553
0.3679942190647125,1.0933276414871216,0.37291666865348816,1.0926398038864136
0.36752718687057495,1.0933414697647095,0.3419642746448517,1.0956323146820068
0.3689707815647125,1.093371868133545,0.37291666865348816,1.0926557779312134
0.36697521805763245,1.093499779701233,0.37291666865348816,1.0934970378875732
