accuracy,loss,val_accuracy,val_loss
0.37003228068351746,1.0944240093231201,0.3671130836009979,1.0934888124465942
0.36863112449645996,1.0929245948791504,0.3671130836009979,1.0937621593475342
0.3704144060611725,1.0930070877075195,0.3671130836009979,1.0934516191482544
0.3702870309352875,1.0929479598999023,0.3671130836009979,1.0936118364334106
0.3702870309352875,1.0929269790649414,0.3671130836009979,1.0936146974563599
0.3702870309352875,1.092971920967102,0.3671130836009979,1.0938552618026733
0.3702870309352875,1.0930571556091309,0.3671130836009979,1.093545913696289
0.3702870309352875,1.0928692817687988,0.3671130836009979,1.0938888788223267
